<?xml version="1.0" encoding="UTF-8"?>
<beans:beans xmlns="http://www.springframework.org/schema/mvc"
	xmlns:xsi="http://www.w3.org/2001/XMLSchema-instance"
	xmlns:beans="http://www.springframework.org/schema/beans"
	xmlns:context="http://www.springframework.org/schema/context"
	xmlns:p="http://www.springframework.org/schema/p"
    xsi:schemaLocation="http://www.springframework.org/schema/mvc https://www.springframework.org/schema/mvc/spring-mvc.xsd
		http://www.springframework.org/schema/beans https://www.springframework.org/schema/beans/spring-beans.xsd
		http://www.springframework.org/schema/context https://www.springframework.org/schema/context/spring-context.xsd">
		
		
  <annotation-driven />

  <context:component-scan base-package="kr.com.web" />
  
  <beans:bean class="org.springframework.web.servlet.view.InternalResourceViewResolver">
    <beans:property name="order" value="2" />
    <beans:property name="prefix" value="/WEB-INF/views/" />
    <beans:property name="suffix" value=".jsp"/>
  </beans:bean>
  
  <!-- 리소스 폴더 지정  서블릿 타지않고 바로 호출 가능 -->
  <resources location="/resources/" mapping="/resources/**"  cache-period="31556926"></resources>

  <beans:bean id="multipartResolver" class="org.springframework.web.multipart.commons.CommonsMultipartResolver">
      <!-- 업로드 최대 용량(단위 byte)   약 50mb-->
      <beans:property name="maxUploadSize" value="52428800" />
     <beans:property name="defaultEncoding" value="UTF-8" />
  </beans:bean>
  
 
    <interceptors>
        <interceptor>
            <mapping path="/notice/**" />
            <exclude-mapping path="/login/proc.do"/>
            <exclude-mapping path="/login/login.do"/>
            <exclude-mapping path="/login/notice/list.do"/>
            <exclude-mapping path="/login/detail.do"/>
            <beans:bean class="kr.com.web.interceptor.LoginInterceptor"></beans:bean>            
        </interceptor>        
    </interceptors> 


</beans:beans>