<?xml version="1.0" encoding="UTF-8"?>
<!DOCTYPE mapper PUBLIC "-//mybatis.org//DTD Mapper//EN" "http://mybatis.org/dtd/mybatis-3-mapper.dtd">
<mapper namespace="kr.com.web.board.mapper.NoticeMapper">

	<resultMap type="notice" id="noticeMap">
		<result property="noId" column="no_id"/>
		<result property="title" column="title"/>
		<result property="contents" column="contents"/>
		<result property="writer" column="writer"/>
		<result property="readCnt" column="read_Cnt"/>
		<association property="file" javaType="noticeFile">
			<result property="noId" column="no_id"/>
			<result property="fileId" column="file_id"/>
			<result property="fileName" column="file_Name"/>
			<result property="fileStoredName" column="file_Stored_Name"/>
			<result property="filePath" column="file_Path"/>
		</association>
	</resultMap>
	
	
	<select id="getNoticeTotal" parameterType="map" resultType="int">
		select count(*) as cnt 
		from notice	
	</select>
	
	<select id="getNoticeList" parameterType="map" resultType="noticeList">
	
		select no_id,
			   title,
			   contents,
			   writer,
			   read_cnt,
			   date_format(create_date, '%y-%m-%d %H:%i:%s') as create_date,
			   case when update_date is null then ''
			   		when update_date is not null
			   		then date_format(create_date, '%y-%m-%d-%s %H:%i:%s')
			   end as update_date
		 from notice
		 order by no_id desc
		 limit #{start}, #{end}
	</select>
	
	<select id="getNotice" parameterType="map" resultMap="noticeMap">
	
		select n.no_id,
			   n.title,
			   n.contents,
			   n.writer,
			   n.read_cnt,
			   f.file_id,
			   f.file_name,
			   f.file_stored_name,
			   f.file_path
		from notice n
		 	left join notice_file f on n.no_id = f.no_id
	 	where n.no_id = #{noId}
	 	
	 	
	</select>
	
	<update id="updateReadCnt" parameterType="map">
	
		update notice
		set read_cnt = read_cnt + 1
		where no_id = #{noId}
		
	</update>
	
	<insert id="addNotice" parameterType="noticeReq"
	    useGeneratedKeys="true" keyProperty="noId">
		
		insert into notice(title, contents, writer)
		  values(#{title}, #{contents}, #{writer})
		
	</insert>
	
	<insert id="addNoticeFile" parameterType="noticeFile">
		
		insert into notice_file(no_id, file_name, file_stored_name, file_path)
		  values(#{noId}, #{fileName}, #{fileStoredName}, #{filePath})
		
	</insert>
	
	<select id="getFileInfo" parameterType="map" resultType="noticeFile">
		select * from notice_file where file_id = #{fileId}
	
	</select>
	
	<update id="updateNotice" parameterType="notice">
	
		update notice
		<set>
			<if test="title neq null and title neq '' ">
				title = #{title},
			</if>
			<if test="contents neq null and contents neq '' ">
				contents = #{contents},
			</if>
			update_date = now()
		</set>
		where no_id = #{noId}
	</update>
	
	<delete id="deleteNoticeFile" parameterType="map">
	
		delete from notice_file where file_id = #{fileId}
		
	</delete>
	
	<delete id="deleteNotice" parameterType="map">
	
		delete from notice where no_id = #{noId}
		
	</delete>
</mapper>